frequency_group,num_configs,num_emerging_labels_mean,clip_knn_ap_mean,heldout_ap_mean,ap_delta,clip_knn_f1_mean,heldout_f1_mean,f1_delta,clip_knn_tecr_mean,heldout_tecr_mean,tecr_delta,tecr_reduction_pct,tecr_reduction_pct_mean_across_configs,tecr_delta_std
head,10,5.08,0.7616560984059816,0.7598360062918368,-0.0018200921141448,0.7160987280241029,0.7123429794032077,-0.0037557486208952273,0.2010882800622978,0.16285758944650813,-0.03823069061578965,19.011893982058858,18.1807163193007,0.02440182585045265
mid,10,5.24,0.5230435520991106,0.5214695967616437,-0.001573955337466848,0.5229402369763789,0.5223817196168284,-0.0005585173595504811,0.01768380793160726,0.015578578804586681,-0.002105229127020578,11.904840491157927,5.20696084007739,0.0045060847625992915
tail,10,4.68,0.49128728213669187,0.47840976000108215,-0.01287752213560972,0.5102692052552651,0.4882357576317985,-0.022033447623466595,0.013728052571177683,0.010496110334113568,-0.0032319422370641147,23.542612619721762,26.3030873147556,0.00291765081828503
