method,display_name,num_configs,average_precision_mean,average_precision_std,auroc_mean,auroc_std,best_f1_mean,best_f1_std,tecr_mean,tecr_std,ap_delta_pct,f1_delta_pct,tecr_reduction_pct
asl_class_thresholds,"ASL (ICCV 2021), class thresholds",12,0.8845692423924518,0.022206360845090454,0.8889125583436429,0.004749032631715816,0.8002241753782261,0.02536144579274396,0.22195089727448614,0.022996913726160584,0.0,0.17209614139751367,11.496583920683415
asl_gate_class_thresholds,"ASL + gate, class thresholds",12,0.8894693132932563,0.020756240019713663,0.8936451480653291,0.005465515081402346,0.8019396697158993,0.0245483916697595,0.19810251240659438,0.024301430228159462,0.5539499528099665,0.386841795191584,21.006180658976614
asl_gate_global_threshold,"ASL + gate, global threshold",12,0.8894693132932563,0.020756240019713663,0.8936451480653291,0.005465515081402346,0.8003955403433011,0.025432069129020282,0.19123500765041446,0.025108922424946802,0.5539499528099665,0.19354761497820594,23.744613521048873
asl_global_threshold,"ASL (ICCV 2021), global threshold",12,0.8845692423924518,0.022206360845090454,0.8889125583436429,0.004749032631715816,0.7988493864086391,0.02758447787189525,0.25078229418350834,0.03992238155042985,0.0,0.0,0.0
