{
    "status":  "known_aware_combined_complete",
    "root":  "results/supplementary/known_aware_combined_eval_rows.csv",
    "output_dir":  "results/supplementary",
    "num_rows":  680,
    "summary":  [
                    {
                        "dataset":  "coco",
                        "method":  "clip_knn",
                        "num_configs":  12,
                        "num_split_level_rows":  60,
                        "average_precision_mean":  0.87557122526207942,
                        "average_precision_std":  0.027503392331785309,
                        "auroc_mean":  0.88480541160640314,
                        "auroc_std":  0.00821704304085587,
                        "precision_mean":  0.76306896888912756,
                        "precision_std":  0.035407144908962185,
                        "recall_mean":  0.82048858646040268,
                        "recall_std":  0.030799174461087049,
                        "best_f1_mean":  0.78874108077992178,
                        "best_f1_std":  0.03060093061232395,
                        "tecr_mean":  0.25451024507740311,
                        "tecr_std":  0.05389307330319254,
                        "ap_delta_pct":  0,
                        "f1_delta_pct":  0,
                        "tecr_reduction_pct":  0
                    },
                    {
                        "dataset":  "coco",
                        "method":  "known_aware_logistic",
                        "num_configs":  12,
                        "num_split_level_rows":  60,
                        "average_precision_mean":  0.87543215075135328,
                        "average_precision_std":  0.025169437292960662,
                        "auroc_mean":  0.88533351992563192,
                        "auroc_std":  0.0073688677168566368,
                        "precision_mean":  0.75653389214255806,
                        "precision_std":  0.02670449717646026,
                        "recall_mean":  0.8318478957093921,
                        "recall_std":  0.041513791510860591,
                        "best_f1_mean":  0.78984571053441688,
                        "best_f1_std":  0.029115050181858618,
                        "tecr_mean":  0.22401078681315881,
                        "tecr_std":  0.046139277199996047,
                        "ap_delta_pct":  -0.015883860354652075,
                        "f1_delta_pct":  0.14004973005879481,
                        "tecr_reduction_pct":  11.983587637098314
                    },
                    {
                        "dataset":  "coco",
                        "method":  "permuted_known_logistic",
                        "num_configs":  12,
                        "num_split_level_rows":  60,
                        "average_precision_mean":  0.87287005812865048,
                        "average_precision_std":  0.028799521237840471,
                        "auroc_mean":  0.88270051433999941,
                        "auroc_std":  0.0089737576537423265,
                        "precision_mean":  0.75869921171782251,
                        "precision_std":  0.037312995048730854,
                        "recall_mean":  0.82000570049774468,
                        "recall_std":  0.033535347003759063,
                        "best_f1_mean":  0.786197369339109,
                        "best_f1_std":  0.03269359620059667,
                        "tecr_mean":  0.26148514176786225,
                        "tecr_std":  0.057033743945330076,
                        "ap_delta_pct":  -0.30850341531271941,
                        "f1_delta_pct":  -0.32250272019526488,
                        "tecr_reduction_pct":  -2.7405170618329713
                    },
                    {
                        "dataset":  "coco",
                        "method":  "score_only_logistic",
                        "num_configs":  12,
                        "num_split_level_rows":  60,
                        "average_precision_mean":  0.875523634170056,
                        "average_precision_std":  0.027470131736939588,
                        "auroc_mean":  0.88479048235268742,
                        "auroc_std":  0.008199597421789993,
                        "precision_mean":  0.76306896888912756,
                        "precision_std":  0.035407144908962185,
                        "recall_mean":  0.82048858646040268,
                        "recall_std":  0.030799174461087049,
                        "best_f1_mean":  0.78874108077992178,
                        "best_f1_std":  0.03060093061232395,
                        "tecr_mean":  0.25451024507740311,
                        "tecr_std":  0.05389307330319254,
                        "ap_delta_pct":  -0.0054354335375985836,
                        "f1_delta_pct":  0,
                        "tecr_reduction_pct":  0
                    },
                    {
                        "dataset":  "nuswide",
                        "method":  "clip_knn",
                        "num_configs":  10,
                        "num_split_level_rows":  50,
                        "average_precision_mean":  0.7863049875032917,
                        "average_precision_std":  0.048050190728451889,
                        "auroc_mean":  0.86990357388473316,
                        "auroc_std":  0.010281069849490504,
                        "precision_mean":  0.68303880904993186,
                        "precision_std":  0.041936227375165308,
                        "recall_mean":  0.7978360767339826,
                        "recall_std":  0.0374742767557358,
                        "best_f1_mean":  0.73390005936161151,
                        "best_f1_std":  0.037531038973429715,
                        "tecr_mean":  0.25708221689614014,
                        "tecr_std":  0.051538938902677987,
                        "ap_delta_pct":  0,
                        "f1_delta_pct":  0,
                        "tecr_reduction_pct":  0
                    },
                    {
                        "dataset":  "nuswide",
                        "method":  "known_aware_logistic",
                        "num_configs":  10,
                        "num_split_level_rows":  50,
                        "average_precision_mean":  0.78512452410633171,
                        "average_precision_std":  0.050170503412255249,
                        "auroc_mean":  0.86868524948997816,
                        "auroc_std":  0.011359556416048196,
                        "precision_mean":  0.6870375779550506,
                        "precision_std":  0.041238046665993039,
                        "recall_mean":  0.78642821713206168,
                        "recall_std":  0.04788905597171457,
                        "best_f1_mean":  0.73152448901389455,
                        "best_f1_std":  0.041284153514723157,
                        "tecr_mean":  0.23622607113376173,
                        "tecr_std":  0.0486237521530701,
                        "ap_delta_pct":  -0.15012792945753045,
                        "f1_delta_pct":  -0.32369125978588525,
                        "tecr_reduction_pct":  8.1126364997872162
                    },
                    {
                        "dataset":  "nuswide",
                        "method":  "permuted_known_logistic",
                        "num_configs":  10,
                        "num_split_level_rows":  50,
                        "average_precision_mean":  0.78393194237565422,
                        "average_precision_std":  0.049725299636370589,
                        "auroc_mean":  0.86826183782634059,
                        "auroc_std":  0.010623790152359454,
                        "precision_mean":  0.684036377618312,
                        "precision_std":  0.04448930850407417,
                        "recall_mean":  0.79218852878039914,
                        "recall_std":  0.037937065565627238,
                        "best_f1_mean":  0.73221093133332837,