method,n,average_precision_mean,average_precision_std,best_f1_mean,best_f1_std,tecr_mean,tecr_std
mkt_open_vocab,12,0.6263376526138407,0.016051314782876084,0.6626187999275043,0.01349909949332883,0.6398606980497086,0.03725305614105209
